seed,range_idx,fdr,tpr,fpr,shd,nnz
0,1,0.21052631578947367,0.75,0.023529411764705882,9,19
