seed,range_idx,n_bootstrap_samples,fdr,tpr,fpr,shd,nnz
0,2,20,0.48484848484848486,0.85,0.09411764705882353,19,33
