seed,range_idx,fdr,tpr,fpr,shd,nnz
0,2,0.13636363636363635,0.95,0.01764705882352941,4,22
