fdr,tpr,fpr,shd,nnz
0.8333333333333334,0.5,1.2162162162162162,45,54
